cluster,likes_count,shares_count,comments_count,impressions,engagement_rate,sentiment_score,user_engagement_growth,num_posts
0,3286.9630642954858,1046.94829001368,516.0525307797537,21575.969630642954,0.5241690588235294,-0.04079543091655267,-0.0038817236662106705,3655
1,3475.0692527987503,974.5102837802656,502.6521739130435,74788.35303306431,0.06984500130174434,-0.00619674563915647,0.026998776360322833,3841
2,980.6217674836969,1001.1414436698898,496.0056217674837,52078.228468630536,0.08240758039127502,0.04157899707668091,-0.017084753766584214,4447
3,2916.2631578947367,1127.017543859649,518.4736842105264,385.03508771929825,13.80818245614035,-0.0939421052631579,-0.02733333333333333,57
